Year,Country,t_wins,t_losses,t_other,t_sixes,t_fours,t_other_runs,t_bowler_wicket,t_fielder_wicket,t_keeper_wicket,t_sixes_given,t_fours_given,t_other_runs_given,t_bowler_wicket_given,t_fielder_wicket_given,t_keeper_wicket_given,t2_wins,t2_losses,t2_other,t2_sixes,t2_fours,t2_other_runs,t2_bowler_wicket,t2_fielder_wicket,t2_keeper_wicket,t2_sixes_given,t2_fours_given,t2_other_runs_given,t2_bowler_wicket_given,t2_fielder_wicket_given,t2_keeper_wicket_given,o_wins,o_losses,o_other,o_sixes,o_fours,o_other_runs,o_bowler_wicket,o_fielder_wicket,o_keeper_wicket,o_sixes_given,o_fours_given,o_other_runs_given,o_bowler_wicket_given,o_fielder_wicket_given,o_keeper_wicket_given,Win-Rate
2007,West Indies,0,0,0,0,0,0,0,0,0,0,0,0,0,0,0,2,3,0,7.0,13.2,66.4,1.8,3.0,0.2,3.8,15.2,75.8,1.8,4.2,0.6,9,8,1,4.222222222222222,18.0,123.11111111111111,2.2222222222222223,4.888888888888889,0.1111111111111111,3.2222222222222223,18.11111111111111,140.27777777777777,1.7222222222222223,5.055555555555555,0.16666666666666666,0.4
2007,Australia,0,0,0,0,0,0,0,0,0,0,0,0,0,0,0,5,4,0,5.222222222222222,14.555555555555555,67.11111111111111,1.5555555555555556,5.444444444444445,0.0,4.0,12.555555555555555,69.55555555555556,1.4444444444444444,2.7777777777777777,0.3333333333333333,24,8,2,4.647058823529412,22.441176470588236,127.26470588235294,2.235294117647059,5.235294117647059,0.20588235294117646,3.235294117647059,17.558823529411764,115.08823529411765,1.411764705882353,3.4705882352941178,0.14705882352941177,0.8
2007,Sri Lanka,0,0,0,0,0,0,0,0,0,0,0,0,0,0,0,3,2,0,5.4,14.2,77.2,2.2,3.6,0.4,3.8,8.2,69.6,2.2,4.2,0.0,15,8,1,2.625,18.458333333333332,132.33333333333334,2.625,4.583333333333333,0.25,2.5833333333333335,13.458333333333334,102.16666666666667,1.6666666666666667,5.166666666666667,0.125,0.6
2007,India,0,0,0,0,0,0,0,0,0,0,0,0,0,0,0,5,1,1,6.142857142857143,15.428571428571429,73.42857142857143,3.4285714285714284,3.857142857142857,0.2857142857142857,5.428571428571429,14.428571428571429,72.28571428571429,1.1428571428571428,4.142857142857143,0.0,18,15,2,3.4285714285714284,22.542857142857144,125.71428571428571,2.1714285714285713,4.085714285714285,0.42857142857142855,3.4285714285714284,21.742857142857144,134.37142857142857,1.7142857142857142,4.514285714285714,0.2,0.4
2007,New Zealand,0,0,0,0,0,0,0,0,0,0,0,0,0,0,0,3,5,0,6.5,9.25,67.625,1.25,4.5,0.375,5.125,12.75,68.5,1.75,5.625,0.0,17,14,1,4.21875,18.34375,123.15625,1.96875,4.75,0.09375,3.34375,18.84375,126.34375,1.875,4.15625,0.03125,0.2
2007,South Africa,0,0,0,0,0,0,0,0,0,0,0,0,0,0,0,5,2,0,4.142857142857143,12.428571428571429,64.14285714285714,1.7142857142857142,5.142857142857143,0.0,5.571428571428571,10.571428571428571,64.14285714285714,1.8571428571428572,3.5714285714285716,0.42857142857142855,19,10,1,3.8,20.1,116.63333333333334,1.9,5.5,0.0,3.1,20.233333333333334,118.6,1.5666666666666667,3.7,0.16666666666666666,0.6
2007,England,0,0,0,0,0,0,0,0,0,0,0,0,0,0,0,2,6,0,4.375,13.625,85.125,1.5,4.125,0.25,7.25,14.625,74.0,1.875,5.375,0.125,17,16,0,2.242424242424242,17.818181818181817,138.12121212121212,1.7575757575757576,5.606060606060606,0.15151515151515152,2.090909090909091,20.21212121212121,130.45454545454547,1.9393939393939394,5.303030303030303,0.15151515151515152,0.8
2007,Pakistan,0,0,0,0,0,0,0,0,0,0,0,0,0,0,0,7,1,1,6.333333333333333,12.11111111111111,68.0,2.888888888888889,4.555555555555555,0.4444444444444444,3.6666666666666665,11.0,75.55555555555556,1.7777777777777777,3.888888888888889,0.3333333333333333,6,11,1,3.888888888888889,20.333333333333332,133.5,1.8333333333333333,4.055555555555555,0.2222222222222222,3.611111111111111,20.22222222222222,115.94444444444444,1.9444444444444444,5.722222222222222,0.2222222222222222,0.6
2007,Bangladesh,0,0,0,0,0,0,0,0,0,0,0,0,0,0,0,2,5,0,3.857142857142857,11.428571428571429,67.57142857142857,1.4285714285714286,3.0,0.8571428571428571,5.428571428571429,11.571428571428571,71.28571428571429,2.2857142857142856,5.142857142857143,0.14285714285714285,3,14,0,2.5294117647058822,13.235294117647058,96.17647058823529,1.588235294117647,3.7058823529411766,0.058823529411764705,3.588235294117647,15.529411764705882,118.11764705882354,2.2941176470588234,5.647058823529412,0.35294117647058826,0.0
2007,Zimbabwe,0,0,0,0,0,0,0,0,0,0,0,0,0,0,0,1,1,0,2.5,12.5,73.5,1.0,7.5,0.5,6.0,12.0,79.0,1.5,4.0,0.0,1,7,1,3.111111111111111,19.22222222222222,121.33333333333333,1.0,5.222222222222222,0.1111111111111111,6.777777777777778,20.11111111111111,136.88888888888889,2.3333333333333335,5.888888888888889,0.1111111111111111,0.2
2008,West Indies,1,5,1,4.714285714285714,60.57142857142857,276.2857142857143,3.2857142857142856,11.0,0.0,2.857142857142857,68.85714285714286,326.85714285714283,5.428571428571429,12.285714285714286,0.0,1,2,1,6.5,11.0,59.0,1.75,4.5,0.0,6.5,11.25,64.0,0.75,5.5,0.0,2,12,2,3.6875,16.0625,115.625,1.4375,4.0,0.0625,2.875,18.6875,134.9375,2.5625,5.0,0.125,0.6
2008,Australia,5,5,4,3.4285714285714284,65.57142857142857,333.92857142857144,5.428571428571429,11.071428571428571,0.0,4.142857142857143,68.57142857142857,336.92857142857144,5.357142857142857,10.5,0.35714285714285715,1,1,0,3.0,6.5,42.0,1.0,5.5,0.0,3.0,5.0,50.0,0.0,2.0,0.0,13,4,1,2.3333333333333335,16.61111111111111,142.05555555555554,2.4444444444444446,5.777777777777778,0.2222222222222222,1.5555555555555556,13.944444444444445,113.94444444444444,1.8333333333333333,4.833333333333333,0.2777777777777778,0.6
2008,Sri Lanka,3,2,0,0.8,60.8,313.8,8.6,8.6,1.0,3.0,54.4,288.2,3.6,10.4,0.2,1,1,0,2.0,11.5,77.0,1.0,4.5,0.5,3.5,9.0,79.5,4.0,2.0,1.0,12,11,2,2.04,16.12,120.56,3.16,4.24,0.32,1.96,14.76,115.52,2.08,4.88,0.12,0.8
2008,India,6,4,5,3.933333333333333,66.8,326.93333333333334,5.8,8.066666666666666,0.4,1.8,59.93333333333333,320.3333333333333,6.533333333333333,9.133333333333333,0.4,0,1,0,0.0,3.0,62.0,0.0,1.0,0.0,2.0,4.0,47.0,2.0,8.0,0.0,19,7,2,3.7142857142857144,21.642857142857142,133.57142857142858,1.8214285714285714,4.892857142857143,0.39285714285714285,2.392857142857143,19.214285714285715,124.46428571428571,2.1785714285714284,4.392857142857143,0.10714285714285714,0.4
2008,New Zealand,3,6,2,4.2727272727272725,59.0,200.8181818181818,4.454545454545454,10.454545454545455,0.09090909090909091,2.4545454545454546,52.36363636363637,214.45454545454547,6.181818181818182,9.727272727272727,0.0,1,3,1,6.2,12.0,70.6,1.2,5.2,0.0,6.8,16.8,59.8,3.2,5.2,0.2,6,2,3,4.090909090909091,16.0,102.0909090909091,1.9090909090909092,5.7272727272727275,0.09090909090909091,3.6363636363636362,18.09090909090909,116.45454545454545,0.7272727272727273,4.7272727272727275,0.09090909090909091,0.4
2008,South Africa,11,2,2,1.8666666666666667,63.2,286.6,4.333333333333333,12.133333333333333,0.13333333333333333,2.8666666666666667,59.2,238.8,4.6,7.2,0.13333333333333333,2,0,0,3.0,10.0,68.0,2.0,5.0,0.5,2.5,11.0,61.0,3.0,3.5,0.0,10,4,1,1.9333333333333333,19.0,111.46666666666667,2.1333333333333333,4.866666666666666,0.0,2.6666666666666665,16.6,106.93333333333334,1.4666666666666666,3.6,0.06666666666666667,0.6
2008,England,5,4,3,2.0,59.083333333333336,269.6666666666667,5.916666666666667,10.333333333333334,0.0,4.083333333333333,67.83333333333333,267.75,4.416666666666667,10.083333333333334,0.0,3,0,0,6.333333333333333,18.333333333333332,56.666666666666664,3.6666666666666665,5.0,0.3333333333333333,4.333333333333333,11.333333333333334,68.0,1.3333333333333333,4.333333333333333,0.0,6,11,3,3.5,18.95,110.0,1.35,4.7,0.1,4.0,19.1,105.1,1.8,4.7,0.25,0.4
2008,Pakistan,0,0,0,0,0,0,0,0,0,0,0,0,0,0,0,2,1,0,5.333333333333333,10.666666666666666,84.0,3.3333333333333335,3.6666666666666665,1.0,2.3333333333333335,9.333333333333334,72.33333333333333,1.3333333333333333,3.3333333333333335,0.6666666666666666,17,3,0,3.2,23.55,143.4,3.05,4.95,0.3,2.25,18.45,143.35,1.3,4.0,0.3,0.6
2008,Bangladesh,0,6,1,1.7142857142857142,42.142857142857146,144.14285714285714,5.0,4.428571428571429,0.14285714285714285,2.2857142857142856,51.142857142857146,204.28571428571428,4.285714285714286,12.857142857142858,0.14285714285714285,0,2,0,1.5,9.5,58.0,3.0,2.0,0.5,5.5,12.0,79.5,2.5,5.5,1.0,1,18,0,1.105263157894737,15.578947368421053,117.52631578947368,1.736842105263158,3.263157894736842,0.15789473684210525,3.0,22.0,127.63157894736842,2.6315789473684212,6.052631578947368,0.21052631578947367,0.0
2008,Zimbabwe,0,0,0,0,0,0,0,0,0,0,0,0,0,0,0,0,0,0,0,0,0,0,0,0,0,0,0,0,0,0,1,9,0,1.6,12.3,134.9,0.8,4.4,0.3,3.2,15.3,115.4,3.6,4.2,0.6,0.2
2009,West Indies,1,6,5,4.25,56.75,255.83333333333334,3.1666666666666665,8.583333333333334,0.0,2.9166666666666665,58.0,303.5,6.833333333333333,8.916666666666666,0.16666666666666666,5,3,0,3.0,13.125,66.125,1.5,5.375,0.0,2.875,16.0,75.625,1.875,3.25,0.25,3,14,1,3.5,15.777777777777779,110.05555555555556,1.2777777777777777,4.388888888888889,0.1111111111111111,2.7222222222222223,14.944444444444445,121.22222222222223,2.5555555555555554,4.888888888888889,0.2222222222222222,0.2
2009,Australia,7,3,3,3.6153846153846154,72.38461538461539,308.38461538461536,5.846153846153846,11.307692307692308,0.15384615384615385,3.0,66.61538461538461,289.7692307692308,4.384615384615385,10.0,0.23076923076923078,3,5,1,4.777777777777778,10.88888888888889,81.0,1.6666666666666667,3.0,0.0,3.7777777777777777,11.333333333333334,65.88888888888889,2.3333333333333335,4.333333333333333,0.2222222222222222,22,14,2,2.6315789473684212,20.55263157894737,141.6578947368421,1.9736842105263157,5.078947368421052,0.13157894736842105,2.263157894736842,19.92105263157895,131.92105263157896,2.0789473684210527,4.2368421052631575,0.21052631578947367,0.8
2009,Sri Lanka,5,2,4,3.3636363636363638,74.27272727272727,334.27272727272725,6.363636363636363,7.454545454545454,0.36363636363636365,4.909090909090909,56.27272727272727,307.27272727272725,4.909090909090909,9.272727272727273,0.09090909090909091,7,6,0,3.0,16.692307692307693,76.61538461538461,2.1538461538461537,4.153846153846154,0.3076923076923077,4.230769230769231,13.23076923076923,76.0,1.6153846153846154,4.461538461538462,0.15384615384615385,10,14,1,2.28,22.8,143.88,2.16,4.08,0.12,2.68,21.6,134.48,1.88,5.48,0.36,0.6
2009,India,3,0,3,6.166666666666667,90.33333333333333,328.1666666666667,4.833333333333333,10.333333333333334,0.16666666666666666,3.3333333333333335,71.83333333333333,295.1666666666667,4.0,7.833333333333333,0.16666666666666666,4,6,0,6.1,12.0,75.0,2.0,3.0,0.2,4.3,14.7,76.8,1.6,4.3,0.1,17,10,4,4.161290322580645,20.838709677419356,125.54838709677419,1.935483870967742,4.419354838709677,0.41935483870967744,3.2580645161290325,20.516129032258064,131.51612903225808,1.3870967741935485,3.967741935483871,0.0967741935483871,0.4
2009,New Zealand,1,4,3,3.375,60.875,273.75,2.875,12.25,0.125,5.875,82.875,298.5,5.875,10.625,0.375,6,6,0,4.083333333333333,10.916666666666666,70.0,1.5,4.833333333333333,0.0,4.083333333333333,11.416666666666666,67.41666666666667,1.9166666666666667,3.6666666666666665,0.25,9,10,2,3.3333333333333335,15.571428571428571,114.71428571428571,1.7142857142857142,5.0,0.0,3.9047619047619047,19.333333333333332,119.9047619047619,2.4761904761904763,4.238095238095238,0.14285714285714285,0.6
2009,South Africa,1,4,1,3.5,64.0,300.3333333333333,4.333333333333333,11.5,0.16666666666666666,5.5,73.33333333333333,314.8333333333333,7.833333333333333,8.5,0.16666666666666666,8,4,0,5.166666666666667,13.583333333333334,71.91666666666667,2.25,4.666666666666667,0.08333333333333333,4.083333333333333,11.833333333333334,74.5,1.9166666666666667,3.1666666666666665,0.16666666666666666,11,7,0,2.4444444444444446,22.444444444444443,146.05555555555554,2.0555555555555554,5.5,0.16666666666666666,2.9444444444444446,20.833333333333332,140.11111111111111,1.6111111111111112,4.833333333333333,0.1111111111111111,0.4
2009,England,5,2,7,2.142857142857143,61.214285714285715,301.57142857142856,7.071428571428571,7.214285714285714,0.14285714285714285,3.0,62.285714285714285,263.5,4.071428571428571,8.785714285714286,0.0,3,5,1,3.0,11.88888888888889,74.0,0.8888888888888888,3.4444444444444446,0.4444444444444444,4.888888888888889,10.777777777777779,70.0,2.4444444444444446,4.0,0.0,11,11,0,2.409090909090909,18.318181818181817,128.5909090909091,2.227272727272727,4.818181818181818,0.045454545454545456,2.909090909090909,20.636363636363637,123.95454545454545,2.1818181818181817,4.863636363636363,0.18181818181818182,0.6
2009,Pakistan,1,4,4,5.444444444444445,52.888888888888886,278.8888888888889,5.0,9.11111111111111,0.3333333333333333,2.4444444444444446,64.22222222222223,297.55555555555554,5.444444444444445,9.777777777777779,0.2222222222222222,9,2,0,3.5454545454545454,12.090909090909092,74.45454545454545,2.8181818181818183,4.0,0.8181818181818182,2.090909090909091,10.090909090909092,75.54545454545455,0.7272727272727273,4.181818181818182,0.09090909090909091,8,12,0,1.8,20.4,123.2,2.45,4.35,0.25,2.0,18.3,131.7,2.25,5.55,0.0,0.4
2009,Bangladesh,2,1,0,3.0,51.333333333333336,242.66666666666666,9.0,8.333333333333334,0.3333333333333333,5.333333333333333,58.0,324.3333333333333,5.333333333333333,12.0,0.6666666666666666,0,3,0,4.0,9.0,76.66666666666667,1.6666666666666667,2.6666666666666665,0.0,5.666666666666667,11.666666666666666,65.0,1.6666666666666667,6.0,0.6666666666666666,13,3,0,3.4375,17.5625,121.375,3.625,4.4375,0.3125,3.5625,16.25,124.75,1.3125,4.875,0.3125,0.2
2009,Afghanistan,0,0,0,0,0,0,0,0,0,0,0,0,0,0,0,0,0,0,0,0,0,0,0,0,0,0,0,0,0,0,1,0,0,6.0,29.0,143.0,6.0,4.0,0.0,0.0,28.0,94.0,2.0,5.0,0.0,0.0
2009,Zimbabwe,0,0,0,0,0,0,0,0,0,0,0,0,0,0,0,0,0,0,0,0,0,0,0,0,0,0,0,0,0,0,4,11,0,3.6,16.6,120.0,1.4666666666666666,4.533333333333333,0.4,4.0,19.266666666666666,121.2,3.533333333333333,4.2,0.26666666666666666,0.2
2010,West Indies,0,2,4,5.166666666666667,40.0,220.83333333333334,3.3333333333333335,6.333333333333333,0.16666666666666666,5.333333333333333,41.5,267.6666666666667,5.833333333333333,6.666666666666667,0.5,3,7,0,2.9,8.6,69.2,1.6,4.5,0.2,5.6,9.0,70.4,1.4,5.2,0.4,4,10,1,4.2,14.066666666666666,119.46666666666667,2.3333333333333335,4.733333333333333,0.0,2.933333333333333,15.4,156.06666666666666,2.066666666666667,5.2,0.4,0.4
2010,Australia,6,5,1,4.0,67.16666666666667,288.0,4.916666666666667,11.083333333333334,0.16666666666666666,2.9166666666666665,64.66666666666667,267.75,5.916666666666667,10.666666666666666,0.3333333333333333,10,4,1,6.533333333333333,11.933333333333334,69.86666666666666,1.8,5.666666666666667,0.26666666666666666,4.4,11.933333333333334,68.93333333333334,1.6666666666666667,4.066666666666666,0.7333333333333333,16,8,1,3.2,19.52,149.88,2.76,5.32,0.08,3.0,18.24,120.16,1.76,4.52,0.2,0.4
2010,Sri Lanka,1,1,4,3.0,55.833333333333336,282.3333333333333,5.0,6.333333333333333,0.8333333333333334,3.8333333333333335,56.0,278.5,3.1666666666666665,6.333333333333333,0.0,5,4,0,4.0,10.555555555555555,66.44444444444444,2.3333333333333335,3.3333333333333335,0.2222222222222222,2.7777777777777777,9.333333333333334,68.55555555555556,1.1111111111111112,4.444444444444445,0.3333333333333333,15,6,1,1.5909090909090908,21.636363636363637,123.0909090909091,2.272727272727273,4.681818181818182,0.22727272727272727,2.0,16.045454545454547,126.68181818181819,1.2727272727272727,4.136363636363637,0.2727272727272727,0.8
2010,India,8,3,3,4.142857142857143,70.28571428571429,309.85714285714283,5.642857142857143,9.0,0.5,4.285714285714286,63.0,311.2142857142857,4.428571428571429,9.785714285714286,0.2857142857142857,4,3,0,6.0,10.285714285714286,67.28571428571429,1.5714285714285714,4.428571428571429,0.14285714285714285,7.428571428571429,9.0,70.57142857142857,0.42857142857142855,4.857142857142857,0.14285714285714285,17,10,0,3.0,22.0,133.1851851851852,2.259259259259259,4.7407407407407405,0.2222222222222222,3.2962962962962963,21.77777777777778,131.33333333333334,1.5555555555555556,4.518518518518518,0.14814814814814814,0.4
2010,New Zealand,1,3,2,6.833333333333333,60.666666666666664,314.3333333333333,4.333333333333333,8.333333333333334,0.16666666666666666,7.333333333333333,80.5,276.6666666666667,6.666666666666667,9.833333333333334,0.3333333333333333,7,5,1,4.461538461538462,9.615384615384615,61.38461538461539,2.0,4.615384615384615,0.23076923076923078,4.538461538461538,11.0,62.38461538461539,2.4615384615384617,3.8461538461538463,0.07692307692307693,6,14,1,4.285714285714286,17.571428571428573,119.85714285714286,1.4285714285714286,5.0476190476190474,0.047619047619047616,2.4761904761904763,21.857142857142858,113.0952380952381,2.857142857142857,5.333333333333333,0.14285714285714285,1.0
2010,South Africa,5,2,4,5.2727272727272725,56.63636363636363,331.54545454545456,5.090909090909091,11.181818181818182,0.0,3.8181818181818183,59.18181818181818,254.1818181818182,4.2727272727272725,8.0,0.09090909090909091,8,3,0,5.545454545454546,9.727272727272727,74.27272727272727,1.5454545454545454,5.818181818181818,0.18181818181818182,5.2727272727272725,10.909090909090908,67.81818181818181,1.1818181818181819,4.181818181818182,0.36363636363636365,12,4,0,3.9375,22.1875,175.625,1.8125,6.625,0.125,4.875,18.875,152.6875,2.375,3.5,0.125,0.4
2010,England,9,3,2,2.142857142857143,60.5,289.7142857142857,5.142857142857143,12.142857142857142,0.14285714285714285,2.642857142857143,60.857142857142854,231.57142857142858,5.071428571428571,8.0,0.2857142857142857,8,2,1,4.0,12.0,69.81818181818181,0.6363636363636364,5.090909090909091,0.2727272727272727,2.8181818181818183,7.545454545454546,68.0909090909091,1.5454545454545454,3.3636363636363638,0.09090909090909091,11,5,0,3.0625,21.6875,147.6875,2.375,5.5625,0.0625,2.125,21.75,143.125,3.25,3.6875,0.125,0.6
2010,Pakistan,2,6,2,2.7,53.8,202.5,7.0,8.6,0.0,3.3,61.3,299.1,5.0,12.4,0.2,6,12,0,4.555555555555555,11.555555555555555,71.16666666666667,2.0555555555555554,3.7777777777777777,0.6666666666666666,4.611111111111111,11.61111111111111,66.72222222222223,1.6666666666666667,5.777777777777778,0.16666666666666666,5,13,0,3.7777777777777777,18.88888888888889,141.61111111111111,2.7777777777777777,3.611111111111111,0.16666666666666666,2.0555555555555554,19.77777777777778,167.38888888888889,2.4444444444444446,6.5,0.16666666666666666,0.8
2010,Bangladesh,0,7,0,4.285714285714286,80.14285714285714,241.14285714285714,3.4285714285714284,7.714285714285714,0.7142857142857143,5.0,65.14285714285714,368.42857142857144,5.857142857142857,13.142857142857142,0.42857142857142855,0,3,0,4.0,8.0,58.333333333333336,0.6666666666666666,2.6666666666666665,0.0,3.3333333333333335,11.0,66.66666666666667,2.0,6.0,0.6666666666666666,9,16,0,2.12,19.56,129.88,2.4,3.6,0.44,3.56,20.48,137.76,2.24,5.12,0.2,0.2
2010,Afghanistan,0,0,0,0,0,0,0,0,0,0,0,0,0,0,0,2,3,0,3.4,7.8,70.2,2.0,4.2,0.4,3.8,6.8,81.0,0.8,6.2,0.4,1,1,0,2.0,18.5,86.5,2.5,3.5,0.5,1.5,13.5,109.5,2.0,2.5,0.0,0.2
2010,Zimbabwe,0,0,0,0,0,0,0,0,0,0,0,0,0,0,0,1,6,0,3.2857142857142856,8.857142857142858,62.42857142857143,1.1428571428571428,3.142857142857143,0.14285714285714285,4.857142857142857,10.857142857142858,57.0,3.0,3.2857142857142856,0.14285714285714285,5,12,0,2.0588235294117645,13.529411764705882,131.1764705882353,1.2352941176470589,3.9411764705882355,0.6470588235294118,4.294117647058823,17.58823529411765,133.35294117647058,2.411764705882353,4.882352941176471,0.35294117647058826,0.0
2011,West Indies,2,4,4,5.7,49.8,275.6,5.1,10.0,0.4,3.4,51.8,293.8,7.5,10.1,0.4,2,3,0,4.8,9.6,65.4,1.8,4.4,0.0,2.8,10.2,73.0,2.8,4.0,0.2,10,17,1,5.25,15.75,120.39285714285714,2.142857142857143,4.035714285714286,0.2857142857142857,2.1785714285714284,16.357142857142858,125.53571428571429,2.7142857142857144,4.214285714285714,0.32142857142857145,0.6
2011,Australia,4,3,2,2.7777777777777777,57.0,264.6666666666667,4.888888888888889,11.222222222222221,0.1111111111111111,2.6666666666666665,53.77777777777778,233.55555555555554,5.222222222222222,12.0,0.0,2,4,0,5.833333333333333,10.833333333333334,73.33333333333333,2.1666666666666665,4.0,0.0,3.5,15.166666666666666,76.66666666666667,2.6666666666666665,3.8333333333333335,0.3333333333333333,18,6,1,3.64,19.4,131.52,1.96,5.56,0.08,2.16,18.64,136.44,2.04,3.72,0.08,0.4
2011,Sri Lanka,1,4,6,2.5454545454545454,53.81818181818182,283.27272727272725,4.181818181818182,8.090909090909092,0.2727272727272727,3.090909090909091,53.81818181818182,281.45454545454544,5.0,11.636363636363637,0.18181818181818182,3,1,0,2.0,16.75,79.25,3.75,3.5,0.5,5.75,10.25,72.0,2.25,2.75,0.0,13,12,2,1.7777777777777777,19.296296296296298,127.4074074074074,2.814814814814815,3.925925925925926,0.2962962962962963,1.962962962962963,16.11111111111111,124.92592592592592,1.9259259259259258,4.222222222222222,0.48148148148148145,0.4
2011,India,3,5,4,3.5,57.416666666666664,272.1666666666667,6.25,10.25,0.25,3.5,64.16666666666667,327.5,5.083333333333333,11.333333333333334,0.3333333333333333,2,2,0,5.0,12.75,72.0,1.75,3.5,0.25,4.5,12.25,69.0,2.0,5.5,0.25,21,10,3,3.323529411764706,21.705882352941178,142.11764705882354,3.0,4.264705882352941,0.35294117647058826,3.9705882352941178,18.764705882352942,135.02941176470588,1.8823529411764706,4.529411764705882,0.20588235294117646,0.4
2011,New Zealand,2,2,1,4.4,55.0,260.2,4.8,10.2,0.0,4.0,57.8,234.6,6.0,13.2,0.4,2,0,0,8.0,10.0,69.0,1.0,6.5,0.5,4.5,12.0,63.5,0.5,1.0,0.0,9,7,1,4.235294117647059,17.58823529411765,121.3529411764706,2.176470588235294,5.529411764705882,0.058823529411764705,3.2941176470588234,18.764705882352942,117.0,1.7647058823529411,3.6470588235294117,0.058823529411764705,0.6
2011,South Africa,2,2,1,2.6,59.0,240.4,4.8,13.0,0.0,3.0,58.2,232.0,4.8,11.4,0.2,1,2,0,5.333333333333333,11.666666666666666,68.33333333333333,1.3333333333333333,5.0,0.0,5.666666666666667,12.0,72.0,2.6666666666666665,4.333333333333333,0.0,9,6,0,2.466666666666667,18.733333333333334,152.53333333333333,2.8666666666666667,5.333333333333333,0.13333333333333333,2.933333333333333,15.8,107.53333333333333,2.0,5.133333333333334,0.3333333333333333,0.8
2011,England,6,0,2,2.0,71.5,345.375,5.125,13.0,0.25,1.875,63.5,261.125,3.375,7.25,0.125,4,3,0,2.857142857142857,11.285714285714286,72.42857142857143,2.4285714285714284,4.0,0.14285714285714285,3.7142857142857144,11.142857142857142,70.85714285714286,1.7142857142857142,4.142857142857143,0.14285714285714285,11,16,3,2.3333333333333335,18.966666666666665,142.7,1.8666666666666667,4.533333333333333,0.3,3.2666666666666666,21.733333333333334,144.2,2.6,4.433333333333334,0.23333333333333334,0.6
2011,Pakistan,6,1,3,4.0,54.1,275.4,8.0,10.9,0.5,4.6,52.3,280.2,5.0,7.1,0.2,4,1,0,2.8,12.6,84.6,2.6,5.4,0.2,2.4,10.0,70.6,1.4,4.4,0.2,22,7,1,2.3,17.433333333333334,122.93333333333334,2.8666666666666667,4.233333333333333,0.3333333333333333,2.7333333333333334,14.1,117.1,1.9,4.366666666666666,0.23333333333333334,0.4
2011,Bangladesh,0,4,1,3.0,59.8,241.0,4.2,6.8,0.4,5.4,57.2,321.6,7.0,10.6,0.4,1,1,0,2.0,6.5,72.0,2.0,4.5,0.5,4.0,9.0,73.5,3.0,5.0,0.0,6,14,0,1.45,15.4,117.7,2.1,3.7,0.4,4.0,17.3,118.65,2.4,4.9,0.1,0.0
2011,Zimbabwe,1,2,0,5.666666666666667,63.0,333.3333333333333,7.333333333333333,9.666666666666666,0.0,6.0,67.33333333333333,282.3333333333333,8.0,9.0,0.6666666666666666,0,4,0,3.5,11.5,64.5,0.75,2.75,0.0,5.75,12.25,79.75,1.5,6.25,0.25,6,11,0,3.0,18.58823529411765,130.7058823529412,1.588235294117647,3.6470588235294117,0.23529411764705882,2.235294117647059,19.294117647058822,134.58823529411765,2.4705882352941178,4.823529411764706,0.23529411764705882,0.0
2012,West Indies,4,4,2,4.9,61.9,271.5,5.4,10.6,0.0,3.9,60.4,279.1,5.5,8.8,0.2,7,4,2,8.461538461538462,11.615384615384615,61.53846153846154,1.4615384615384615,3.230769230769231,0.38461538461538464,5.0,10.538461538461538,68.6923076923077,1.6923076923076923,3.3076923076923075,0.15384615384615385,8,8,1,6.529411764705882,17.88235294117647,100.0,2.0588235294117645,5.470588235294118,0.4117647058823529,3.1176470588235294,19.529411764705884,131.11764705882354,1.9411764705882353,5.9411764705882355,0.23529411764705882,0.6
2012,Australia,7,1,3,4.636363636363637,62.0,316.0,5.545454545454546,11.909090909090908,0.18181818181818182,3.090909090909091,58.0,268.6363636363636,3.727272727272727,9.090909090909092,0.18181818181818182,7,5,1,6.0,9.615384615384615,62.53846153846154,1.7692307692307692,4.153846153846154,0.07692307692307693,4.0,12.615384615384615,69.07692307692308,1.7692307692307692,3.3846153846153846,0.15384615384615385,11,12,2,3.4,16.68,140.04,1.92,4.88,0.16,3.2,16.72,126.8,2.16,4.88,0.4,0.2
2012,Sri Lanka,3,5,2,3.6,51.9,262.1,6.1,7.8,0.6,3.6,54.6,298.6,6.0,10.0,0.4,5,4,2,1.9090909090909092,11.090909090909092,63.0,2.4545454545454546,3.727272727272727,0.5454545454545454,3.090909090909091,9.909090909090908,64.0,1.5454545454545454,4.090909090909091,0.18181818181818182,14,16,3,2.242424242424242,16.96969696969697,140.78787878787878,1.8484848484848484,4.181818181818182,0.09090909090909091,2.3636363636363638,18.454545454545453,137.3939393939394,1.878787878787879,4.636363636363637,0.21212121212121213,0.6
2012,India,3,5,1,2.888888888888889,60.22222222222222,231.55555555555554,5.888888888888889,6.888888888888889,0.3333333333333333,3.6666666666666665,61.44444444444444,293.22222222222223,5.666666666666667,9.777777777777779,0.2222222222222222,8,6,0,3.2142857142857144,13.357142857142858,75.64285714285714,2.142857142857143,4.285714285714286,0.2857142857142857,5.214285714285714,12.714285714285714,67.35714285714286,1.4285714285714286,3.0,0.0,9,7,1,2.0588235294117645,20.11764705882353,156.11764705882354,1.6470588235294117,4.588235294117647,0.29411764705882354,2.8823529411764706,18.823529411764707,169.1764705882353,1.9411764705882353,4.529411764705882,0.0,1.0
2012,New Zealand,2,6,2,3.3,50.6,242.9,3.9,9.7,0.1,4.7,57.2,218.7,6.8,9.4,0.7,6,8,3,5.0588235294117645,12.823529411764707,71.05882352941177,1.0,3.5294117647058822,0.11764705882352941,6.647058823529412,12.235294117647058,66.29411764705883,1.411764705882353,4.529411764705882,0.17647058823529413,4,10,1,5.0,17.333333333333332,128.06666666666666,1.4,4.466666666666667,0.06666666666666667,3.8666666666666667,17.133333333333333,104.4,2.7333333333333334,4.866666666666666,0.26666666666666666,0.4
2012,South Africa,5,0,5,3.2,75.5,308.2,5.0,10.6,0.2,3.9,64.3,266.9,4.0,8.8,0.4,8,6,1,4.2,11.866666666666667,62.266666666666666,1.2,3.8666666666666667,0.13333333333333333,3.2666666666666666,10.666666666666666,57.333333333333336,0.8666666666666667,3.3333333333333335,0.3333333333333333,8,4,1,2.4615384615384617,18.923076923076923,134.53846153846155,1.5384615384615385,5.6923076923076925,0.07692307692307693,3.230769230769231,16.384615384615383,123.84615384615384,1.8461538461538463,2.8461538461538463,0.23076923076923078,0.6
2012,England,5,7,3,2.933333333333333,55.4,268.26666666666665,7.2,8.066666666666666,0.4666666666666667,2.6666666666666665,60.333333333333336,266.3333333333333,6.8,8.2,0.26666666666666666,7,6,1,4.428571428571429,10.642857142857142,68.71428571428571,1.0714285714285714,4.5,0.07142857142857142,3.857142857142857,11.5,67.92857142857143,2.4285714285714284,2.857142857142857,0.2857142857142857,12,2,1,1.6666666666666667,19.066666666666666,129.0,2.8666666666666667,4.6,0.3333333333333333,1.8666666666666667,16.4,122.26666666666667,1.4666666666666666,2.8666666666666667,0.06666666666666667,0.4
2012,Pakistan,3,1,2,2.8333333333333335,49.666666666666664,275.1666666666667,8.833333333333334,6.833333333333333,0.6666666666666666,3.1666666666666665,44.666666666666664,262.6666666666667,8.666666666666666,7.166666666666667,0.16666666666666666,8,7,1,3.125,11.8125,67.125,2.5625,3.875,0.25,3.5625,11.75,72.0625,1.4375,4.6875,0.3125,7,10,1,1.7777777777777777,17.0,129.61111111111111,3.1666666666666665,2.7222222222222223,0.2222222222222222,2.7777777777777777,17.22222222222222,136.38888888888889,2.2222222222222223,4.5,0.1111111111111111,1.0
2012,Bangladesh,0,2,0,8.5,84.0,311.5,4.0,7.5,0.0,6.5,77.5,390.0,7.5,11.0,0.0,2,4,0,4.833333333333333,14.5,71.16666666666667,2.1666666666666665,2.6666666666666665,0.6666666666666666,6.833333333333333,12.833333333333334,67.66666666666667,1.1666666666666667,4.0,0.0,5,4,0,2.3333333333333335,21.77777777777778,127.44444444444444,2.5555555555555554,5.333333333333333,0.3333333333333333,3.4444444444444446,18.88888888888889,126.66666666666667,2.5555555555555554,4.111111111111111,0.3333333333333333,0.2
2012,Afghanistan,0,0,0,0,0,0,0,0,0,0,0,0,0,0,0,2,3,0,4.4,11.8,64.8,2.6,3.4,0.0,4.6,12.6,80.6,2.0,5.4,0.4,0,4,0,4.5,13.0,85.5,2.25,2.5,0.25,3.25,20.0,97.75,4.5,5.0,0.25,0.6
2012,Zimbabwe,0,1,0,0.0,20.0,114.0,2.0,4.0,1.0,5.0,56.0,241.0,5.0,15.0,0.0,0,4,0,4.75,10.0,69.5,0.5,2.5,0.0,5.0,12.75,78.5,2.5,4.0,0.5,0,3,0,2.3333333333333335,14.666666666666666,114.0,3.3333333333333335,4.0,0.3333333333333333,10.666666666666666,27.0,159.0,2.3333333333333335,6.333333333333333,0.3333333333333333,0.2
2013,West Indies,2,4,1,4.142857142857143,54.42857142857143,190.14285714285714,3.4285714285714284,9.0,0.2857142857142857,3.7142857142857144,53.42857142857143,218.85714285714286,6.428571428571429,10.0,0.14285714285714285,3,2,0,6.4,11.6,66.4,0.8,5.0,0.8,3.6,11.6,72.8,2.0,4.0,0.0,8,13,2,5.217391304347826,19.130434782608695,108.6086956521739,1.391304347826087,5.043478260869565,0.043478260869565216,3.652173913043478,19.82608695652174,123.04347826086956,2.5652173913043477,4.913043478260869,0.30434782608695654,0.4
2013,Australia,5,7,2,4.928571428571429,62.785714285714285,286.5,5.071428571428571,11.214285714285714,0.14285714285714285,3.5714285714285716,65.92857142857143,247.35714285714286,6.5,9.928571428571429,0.35714285714285715,1,5,0,7.833333333333333,12.333333333333334,76.5,1.1666666666666667,3.6666666666666665,0.16666666666666666,5.5,17.166666666666668,81.16666666666667,1.8333333333333333,3.8333333333333335,0.16666666666666666,11,8,4,4.6521739130434785,22.82608695652174,126.6086956521739,1.826086956521739,4.695652173913044,0.08695652173913043,3.260869565217391,18.52173913043478,111.56521739130434,2.0434782608695654,4.695652173913044,0.08695652173913043,1.0
2013,Sri Lanka,1,1,2,3.5,73.5,351.75,5.5,8.0,0.75,3.75,56.0,335.25,3.25,10.25,0.25,6,3,0,3.888888888888889,13.88888888888889,75.22222222222223,2.0,3.5555555555555554,0.2222222222222222,3.888888888888889,11.555555555555555,78.77777777777777,1.1111111111111112,3.4444444444444446,0.1111111111111111,14,13,3,2.6333333333333333,18.966666666666665,120.06666666666666,2.6333333333333333,3.6,0.2,3.0,16.233333333333334,111.46666666666667,1.6,4.766666666666667,0.23333333333333334,0.8
2013,India,6,1,1,4.0,67.625,255.0,9.0,8.0,0.75,3.875,59.375,248.0,4.625,8.25,0.5,1,0,0,8.0,19.0,78.0,2.0,4.0,0.0,7.0,24.0,63.0,0.0,3.0,1.0,22,10,2,3.5,21.205882352941178,112.20588235294117,2.676470588235294,4.647058823529412,0.4117647058823529,5.294117647058823,22.5,118.73529411764706,1.5294117647058822,3.7941176470588234,0.11764705882352941,1.0
2013,New Zealand,2,4,6,5.916666666666667,55.0,217.5,4.333333333333333,10.5,0.0,2.5,63.916666666666664,255.41666666666666,4.25,9.916666666666666,0.08333333333333333,3,3,1,5.714285714285714,11.571428571428571,69.71428571428571,1.0,3.4285714285714284,0.14285714285714285,6.142857142857143,13.714285714285714,54.57142857142857,0.7142857142857143,4.571428571428571,0.0,7,10,2,3.736842105263158,17.736842105263158,108.05263157894737,2.1578947368421053,5.368421052631579,0.10526315789473684,3.3157894736842106,20.94736842105263,127.36842105263158,2.1052631578947367,4.894736842105263,0.10526315789473684,0.6
2013,South Africa,7,1,1,1.7777777777777777,56.333333333333336,271.55555555555554,6.555555555555555,12.333333333333334,0.1111111111111111,2.3333333333333335,52.77777777777778,223.44444444444446,4.666666666666667,7.222222222222222,0.2222222222222222,5,3,0,3.375,11.75,69.625,1.125,4.375,0.5,2.625,13.5,63.125,2.0,3.125,0.125,13,13,2,3.0357142857142856,20.392857142857142,133.71428571428572,1.8928571428571428,5.642857142857143,0.0,2.892857142857143,20.535714285714285,114.64285714285714,2.75,4.464285714285714,0.32142857142857145,0.4
2013,England,5,4,5,2.2142857142857144,63.714285714285715,256.92857142857144,4.642857142857143,10.785714285714286,0.0,6.0,63.214285714285715,250.5,4.5,12.5,0.0,3,3,1,6.285714285714286,15.285714285714286,57.714285714285715,1.4285714285714286,4.428571428571429,0.0,7.857142857142857,11.428571428571429,67.42857142857143,1.0,3.7142857142857144,0.14285714285714285,10,10,1,3.0,19.80952380952381,126.42857142857143,1.9047619047619047,4.857142857142857,0.047619047619047616,4.190476190476191,21.142857142857142,123.04761904761905,2.238095238095238,4.142857142857143,0.19047619047619047,0.0
2013,Pakistan,2,5,1,2.625,53.875,244.375,5.375,9.5,0.375,1.25,57.5,270.875,7.25,10.5,0.125,8,4,0,4.416666666666667,12.5,71.58333333333333,1.9166666666666667,3.6666666666666665,0.16666666666666666,4.416666666666667,12.333333333333334,68.91666666666667,1.0,4.25,0.5,16,16,2,4.029411764705882,18.41176470588235,127.79411764705883,2.7058823529411766,4.4411764705882355,0.4411764705882353,2.8529411764705883,18.735294117647058,127.52941176470588,2.0294117647058822,5.382352941176471,0.11764705882352941,0.4
2013,Bangladesh,1,2,3,5.0,57.666666666666664,306.1666666666667,5.666666666666667,7.833333333333333,0.16666666666666666,7.0,53.333333333333336,371.1666666666667,5.166666666666667,10.0,0.8333333333333334,1,3,0,5.0,17.25,76.0,1.75,3.75,0.25,6.0,13.25,87.0,2.25,5.25,0.0,5,3,1,3.6666666666666665,19.0,127.77777777777777,2.4444444444444446,3.111111111111111,0.1111111111111111,3.6666666666666665,18.666666666666668,114.55555555555556,1.6666666666666667,5.444444444444445,0.1111111111111111,0.2
2013,Afghanistan,0,0,0,0,0,0,0,0,0,0,0,0,0,0,0,5,4,0,5.555555555555555,10.333333333333334,64.44444444444444,2.3333333333333335,3.3333333333333335,0.4444444444444444,3.888888888888889,10.555555555555555,64.66666666666667,2.4444444444444446,4.888888888888889,0.1111111111111111,0,0,0,0,0,0,0,0,0,0,0,0,0,0,0,0.8
2013,Zimbabwe,2,4,0,3.5,47.666666666666664,243.16666666666666,6.166666666666667,9.666666666666666,0.3333333333333333,4.166666666666667,52.333333333333336,232.33333333333334,8.0,11.0,0.0,1,5,0,2.5,12.5,75.83333333333333,1.3333333333333333,3.6666666666666665,0.0,5.666666666666667,12.666666666666666,75.16666666666667,1.8333333333333333,3.6666666666666665,0.6666666666666666,3,10,0,3.0,17.692307692307693,111.61538461538461,0.7692307692307693,4.384615384615385,0.07692307692307693,3.769230769230769,19.153846153846153,142.76923076923077,3.4615384615384617,4.230769230769231,0.15384615384615385,0.2
2014,West Indies,3,3,1,6.142857142857143,53.0,230.71428571428572,3.857142857142857,10.285714285714286,0.14285714285714285,5.0,56.857142857142854,265.14285714285717,3.7142857142857144,9.714285714285714,0.14285714285714285,7,7,1,5.2,10.933333333333334,57.46666666666667,1.6,3.933333333333333,0.6,4.266666666666667,10.333333333333334,62.13333333333333,1.3333333333333333,4.0,0.26666666666666666,7,6,0,7.461538461538462,19.846153846153847,117.61538461538461,1.8461538461538463,5.3076923076923075,0.0,4.384615384615385,18.615384615384617,128.0,1.9230769230769231,4.6923076923076925,0.3076923076923077,0.6
2014,Australia,5,3,1,4.777777777777778,73.0,330.8888888888889,5.222222222222222,10.777777777777779,0.2222222222222222,5.333333333333333,62.888888888888886,339.22222222222223,6.333333333333333,10.222222222222221,0.3333333333333333,9,4,0,5.846153846153846,11.923076923076923,58.38461538461539,1.5384615384615385,4.230769230769231,0.3076923076923077,4.230769230769231,11.615384615384615,68.0,1.5384615384615385,3.769230769230769,0.07692307692307693,13,5,0,4.666666666666667,20.72222222222222,150.5,1.5,6.111111111111111,0.16666666666666666,3.3333333333333335,19.944444444444443,139.5,1.8888888888888888,5.333333333333333,0.05555555555555555,0.0
2014,Sri Lanka,5,3,3,4.909090909090909,68.54545454545455,341.27272727272725,6.545454545454546,10.090909090909092,0.18181818181818182,5.181818181818182,60.27272727272727,326.0,5.0,10.909090909090908,0.2727272727272727,8,1,0,4.111111111111111,12.88888888888889,66.11111111111111,2.111111111111111,4.555555555555555,0.1111111111111111,3.0,11.88888888888889,58.77777777777778,1.4444444444444444,4.222222222222222,0.1111111111111111,20,12,0,2.78125,23.03125,133.0625,2.65625,4.65625,0.21875,3.96875,19.375,132.65625,1.8125,5.34375,0.15625,0.2
2014,India,1,6,3,3.1,70.5,274.4,4.1,10.2,0.1,4.6,76.9,308.3,4.5,13.5,0.1,5,2,0,4.571428571428571,12.0,73.71428571428571,1.0,5.0,0.42857142857142855,5.428571428571429,11.571428571428571,59.57142857142857,1.4285714285714286,2.5714285714285716,0.0,14,8,2,5.375,23.083333333333332,127.125,2.2083333333333335,5.208333333333333,0.375,5.166666666666667,21.166666666666668,121.16666666666667,2.0,4.375,0.16666666666666666,0.4
2014,New Zealand,5,2,2,9.0,66.66666666666667,313.1111111111111,4.222222222222222,10.777777777777779,0.2222222222222222,7.666666666666667,65.66666666666667,275.8888888888889,5.111111111111111,10.666666666666666,0.4444444444444444,6,4,0,4.5,10.6,61.2,1.3,4.9,0.1,4.5,11.9,69.7,1.7,4.2,0.2,9,5,2,5.125,22.375,124.75,1.5625,5.5,0.0625,5.125,22.1875,131.375,1.6875,4.4375,0.125,0.6
2014,South Africa,4,2,2,4.0,55.25,275.375,4.25,11.625,0.125,4.5,60.25,250.5,4.5,8.875,0.125,4,6,0,4.3,12.0,70.4,1.1,4.7,0.2,4.3,12.7,67.7,1.0,3.9,0.3,12,6,1,3.1052631578947367,21.210526315789473,145.68421052631578,2.473684210526316,5.842105263157895,0.10526315789473684,3.6842105263157894,19.05263157894737,128.0,1.5263157894736843,4.7368421052631575,0.05263157894736842,0.6
2014,England,3,3,2,3.125,66.375,271.0,5.0,13.875,0.0,2.0,70.875,269.25,4.875,9.5,0.0,3,9,0,5.333333333333333,14.166666666666666,69.5,1.3333333333333333,2.9166666666666665,0.08333333333333333,6.416666666666667,15.666666666666666,61.666666666666664,1.5,5.666666666666667,0.3333333333333333,9,16,0,3.84,16.52,138.12,1.64,4.96,0.2,3.32,21.44,132.76,2.28,4.8,0.44,0.8
2014,Pakistan,4,4,1,7.333333333333333,56.77777777777778,377.55555555555554,7.555555555555555,8.333333333333334,0.7777777777777778,5.888888888888889,58.22222222222222,316.55555555555554,5.222222222222222,8.777777777777779,0.3333333333333333,3,4,0,3.5714285714285716,10.285714285714286,74.0,2.857142857142857,3.142857142857143,0.2857142857142857,5.142857142857143,12.0,62.285714285714285,1.4285714285714286,4.142857142857143,1.1428571428571428,6,10,0,4.4375,20.75,137.5,1.9375,4.375,0.125,2.5,24.8125,135.0,2.25,6.1875,0.0625,0.8
2014,Bangladesh,3,3,1,5.571428571428571,60.0,281.7142857142857,5.285714285714286,8.714285714285714,0.14285714285714285,7.714285714285714,58.714285714285715,329.85714285714283,6.285714285714286,10.714285714285714,0.0,2,7,1,3.0,11.3,53.2,1.8,3.2,0.4,3.6,10.2,63.9,1.6,3.7,0.3,5,12,1,3.0,18.166666666666668,117.38888888888889,3.111111111111111,4.222222222222222,0.1111111111111111,4.944444444444445,18.0,113.88888888888889,1.8333333333333333,5.555555555555555,0.05555555555555555,0.4
2014,Afghanistan,0,0,0,0,0,0,0,0,0,0,0,0,0,0,0,1,2,0,3.0,10.333333333333334,60.0,1.6666666666666667,3.0,0.0,3.0,12.333333333333334,56.666666666666664,1.6666666666666667,5.333333333333333,0.0,4,6,0,5.1,17.6,131.2,2.3,3.9,0.1,3.3,21.1,128.1,2.5,5.1,0.1,1.0
2014,Zimbabwe,0,4,0,5.5,51.0,249.5,4.25,10.5,0.0,5.5,56.0,317.75,6.5,12.25,0.25,2,1,0,4.666666666666667,11.333333333333334,69.0,2.0,5.0,0.0,2.3333333333333335,14.333333333333334,68.66666666666667,0.6666666666666666,3.3333333333333335,0.3333333333333333,2,13,0,3.1333333333333333,17.2,106.26666666666667,1.8,5.0,0.06666666666666667,4.666666666666667,18.8,149.6,3.7333333333333334,4.933333333333334,0.2,0.2
2015,West Indies,1,8,1,4.1,51.2,231.8,3.6,7.7,0.6,5.1,54.5,295.8,6.3,11.7,0.5,3,2,0,8.8,13.4,69.0,0.8,4.2,0.2,7.2,16.2,81.0,2.2,5.4,0.0,4,11,0,7.733333333333333,18.866666666666667,104.6,1.6,4.533333333333333,0.0,6.133333333333334,23.066666666666666,134.33333333333334,2.466666666666667,5.333333333333333,0.2,0.8
2015,Australia,8,3,2,4.615384615384615,70.38461538461539,294.7692307692308,6.153846153846154,10.846153846153847,0.15384615384615385,3.3846153846153846,60.76923076923077,233.84615384615384,3.3846153846153846,9.0,0.3076923076923077,0,1,0,5.0,17.0,79.0,1.0,4.0,0.0,11.0,11.0,72.0,2.0,6.0,0.0,15,3,1,4.421052631578948,24.68421052631579,123.0,2.263157894736842,6.473684210526316,0.0,3.1052631578947367,19.157894736842106,116.57894736842105,1.4736842105263157,4.315789473684211,0.10526315789473684,0.2
2015,Sri Lanka,4,7,0,3.727272727272727,52.81818181818182,263.3636363636364,6.636363636363637,9.090909090909092,0.7272727272727273,3.909090909090909,54.54545454545455,307.90909090909093,4.181818181818182,12.909090909090908,0.8181818181818182,1,3,0,5.75,13.5,79.5,3.0,4.25,0.25,8.25,10.0,84.5,1.5,4.5,0.5,12,12,1,3.44,20.88,131.84,1.68,4.56,0.28,5.04,22.52,125.4,1.32,5.32,0.16,0.2
2015,India,5,1,3,3.6666666666666665,51.22222222222222,267.55555555555554,6.333333333333333,9.666666666666666,0.6666666666666666,2.888888888888889,46.77777777777778,195.11111111111111,6.777777777777778,7.666666666666667,0.2222222222222222,1,3,0,3.75,12.25,79.5,2.5,2.5,0.0,4.5,10.5,72.25,2.0,5.0,0.0,13,9,1,3.9565217391304346,20.043478260869566,136.7391304347826,1.5217391304347827,5.782608695652174,0.17391304347826086,3.9565217391304346,20.608695652173914,123.30434782608695,1.5217391304347827,5.086956521739131,0.08695652173913043,0.8
2015,New Zealand,4,3,1,5.0,77.375,306.25,3.875,13.0,0.375,5.25,76.5,312.5,4.875,11.25,0.125,2,2,0,4.75,17.5,66.75,0.75,5.75,0.0,3.5,14.5,72.5,2.0,5.25,0.25,21,10,1,5.59375,24.21875,124.3125,2.0,5.5625,0.125,4.6875,22.28125,118.5,1.6875,4.1875,0.15625,0.8
2015,South Africa,1,4,3,1.5,29.375,158.125,5.125,8.375,0.375,3.0,44.625,205.375,6.375,6.75,0.5,6,3,0,5.666666666666667,14.222222222222221,75.88888888888889,1.8888888888888888,5.888888888888889,0.2222222222222222,5.555555555555555,13.777777777777779,65.22222222222223,0.7777777777777778,3.7777777777777777,0.0,15,9,0,6.25,23.708333333333332,140.29166666666666,2.125,5.625,0.125,4.458333333333333,20.5,116.08333333333333,1.4166666666666667,4.541666666666667,0.125,0.6
2015,England,6,6,2,3.7142857142857144,65.57142857142857,277.85714285714283,5.0,12.214285714285714,0.07142857142857142,5.357142857142857,69.14285714285714,273.5,5.857142857142857,10.785714285714286,0.5,4,0,1,7.2,12.6,79.0,2.6,5.4,0.6,5.6,13.4,69.6,1.4,5.0,0.0,12,13,1,4.230769230769231,22.423076923076923,127.26923076923077,1.5769230769230769,5.269230769230769,0.11538461538461539,4.153846153846154,22.384615384615383,126.03846153846153,1.6923076923076923,5.115384615384615,0.19230769230769232,0.4
2015,Pakistan,5,1,2,6.75,57.5,350.75,5.625,10.25,1.25,3.0,58.25,319.5,5.375,9.0,0.5,6,3,1,5.0,12.7,77.5,1.9,4.1,0.1,4.6,12.8,75.4,1.9,4.7,0.5,12,14,1,4.0,21.0,138.5185185185185,1.5185185185185186,4.555555555555555,0.2222222222222222,4.074074074074074,22.59259259259259,134.77777777777777,1.3703703703703705,5.592592592592593,0.07407407407407407,0.2
2015,Bangladesh,0,1,4,3.4,52.0,204.0,3.0,4.2,0.2,4.2,40.4,243.4,3.8,7.6,0.8,2,3,0,2.6,12.0,66.0,1.8,4.0,0.2,4.6,10.6,75.0,2.0,5.4,0.2,13,5,0,3.888888888888889,24.666666666666668,124.61111111111111,2.2777777777777777,5.277777777777778,0.1111111111111111,2.9444444444444446,20.944444444444443,130.11111111111111,2.0,4.611111111111111,0.2777777777777778,0.4
2015,Afghanistan,0,0,0,0,0,0,0,0,0,0,0,0,0,0,0,8,1,0,7.222222222222222,11.444444444444445,73.55555555555556,1.7777777777777777,4.888888888888889,0.2222222222222222,4.888888888888889,11.777777777777779,76.22222222222223,1.2222222222222223,3.3333333333333335,0.1111111111111111,7,7,0,3.9285714285714284,14.642857142857142,100.42857142857143,2.5,4.214285714285714,0.14285714285714285,3.0,18.5,115.28571428571429,1.9285714285714286,6.0,0.14285714285714285,0.6
2015,Zimbabwe,0,0,0,0,0,0,0,0,0,0,0,0,0,0,0,2,9,0,3.8181818181818183,11.363636363636363,76.0,1.5454545454545454,4.7272727272727275,0.0,3.6363636363636362,14.090909090909092,80.72727272727273,2.6363636363636362,3.8181818181818183,0.0,6,22,1,3.4482758620689653,18.96551724137931,124.3103448275862,1.0344827586206897,4.896551724137931,0.27586206896551724,5.206896551724138,21.17241379310345,143.0344827586207,2.1379310344827585,5.137931034482759,0.20689655172413793,0.2
2016,West Indies,1,4,3,4.0,46.625,222.75,3.5,6.0,0.375,3.75,38.625,283.25,6.0,8.875,0.25,6,4,1,7.0,11.454545454545455,62.81818181818182,1.1818181818181819,3.4545454545454546,0.09090909090909091,4.181818181818182,11.272727272727273,69.72727272727273,2.5454545454545454,3.6363636363636362,0.2727272727272727,4,9,1,5.714285714285714,16.5,122.42857142857143,2.642857142857143,4.357142857142857,0.07142857142857142,3.642857142857143,19.428571428571427,154.0,2.857142857142857,5.357142857142857,0.14285714285714285,0.4
2016,Australia,5,5,1,3.272727272727273,53.72727272727273,242.9090909090909,5.2727272727272725,11.909090909090908,0.18181818181818182,5.181818181818182,61.09090909090909,274.54545454545456,4.818181818181818,8.545454545454545,0.36363636363636365,6,6,0,6.583333333333333,14.583333333333334,75.91666666666667,1.0,4.416666666666667,0.08333333333333333,5.25,15.166666666666666,78.58333333333333,1.9166666666666667,3.75,0.5,17,11,1,4.344827586206897,21.75862068965517,134.10344827586206,2.4482758620689653,5.241379310344827,0.034482758620689655,4.9655172413793105,21.517241379310345,134.44827586206895,2.310344827586207,3.9655172413793105,0.20689655172413793,0.6
2016,Sri Lanka,5,3,1,2.5555555555555554,63.888888888888886,270.6666666666667,7.555555555555555,8.222222222222221,0.6666666666666666,2.7777777777777777,51.111111111111114,275.8888888888889,5.777777777777778,11.777777777777779,0.2222222222222222,3,13,0,3.8125,11.0625,69.125,1.25,2.875,0.1875,5.625,12.5625,64.4375,1.8125,5.625,0.375,5,9,4,3.1666666666666665,18.5,123.33333333333333,1.8333333333333333,3.888888888888889,0.2777777777777778,3.388888888888889,16.27777777777778,125.83333333333333,2.1666666666666665,4.777777777777778,0.05555555555555555,0.8
2016,India,9,0,3,5.833333333333333,60.583333333333336,298.75,7.5,9.25,0.3333333333333333,4.333333333333333,52.166666666666664,249.25,3.1666666666666665,8.083333333333334,0.25,15,5,1,3.857142857142857,12.714285714285714,64.80952380952381,2.142857142857143,4.571428571428571,0.5238095238095238,5.0,10.952380952380953,64.23809523809524,1.2857142857142858,2.619047619047619,0.09523809523809523,7,6,0,4.538461538461538,20.153846153846153,140.07692307692307,2.4615384615384617,5.076923076923077,0.3076923076923077,2.6923076923076925,20.076923076923077,139.3846153846154,1.0,4.076923076923077,0.0,0.4
2016,New Zealand,4,6,1,4.090909090909091,56.90909090909091,220.63636363636363,4.363636363636363,10.545454545454545,0.09090909090909091,3.727272727272727,66.36363636363636,248.0,5.7272727272727275,8.545454545454545,0.0,8,2,0,6.0,13.6,69.3,1.3,6.0,0.4,4.1,11.4,65.9,1.2,4.0,0.1,10,7,1,5.5,20.444444444444443,124.11111111111111,1.7777777777777777,5.5,0.1111111111111111,5.111111111111111,19.333333333333332,128.61111111111111,2.5,5.055555555555555,0.2777777777777778,0.8
2016,South Africa,5,2,2,3.0,67.77777777777777,258.77777777777777,4.777777777777778,10.222222222222221,0.0,3.111111111111111,53.666666666666664,199.88888888888889,4.111111111111111,10.11111111111111,0.1111111111111111,5,4,0,7.0,14.222222222222221,71.0,2.2222222222222223,5.222222222222222,0.3333333333333333,6.777777777777778,13.0,73.22222222222223,0.8888888888888888,4.0,0.0,11,5,1,4.470588235294118,23.823529411764707,135.2941176470588,3.1176470588235294,4.882352941176471,0.058823529411764705,5.235294117647059,23.11764705882353,116.29411764705883,2.3529411764705883,3.588235294117647,0.058823529411764705,0.4
2016,England,6,8,3,3.2941176470588234,62.705882352941174,298.0,4.235294117647059,10.882352941176471,0.23529411764705882,3.588235294117647,64.76470588235294,268.0,5.705882352941177,10.117647058823529,0.17647058823529413,5,5,0,5.9,12.8,75.7,0.7,4.8,0.0,6.9,12.9,67.0,1.7,4.1,0.3,11,5,2,5.333333333333333,23.666666666666668,145.94444444444446,1.7777777777777777,5.111111111111111,0.2777777777777778,3.8333333333333335,23.11111111111111,149.5,1.7777777777777777,4.333333333333333,0.05555555555555555,0.4
2016,Pakistan,4,7,0,3.272727272727273,55.72727272727273,301.90909090909093,5.545454545454546,9.545454545454545,0.0,2.5454545454545454,68.9090909090909,290.3636363636364,5.0,11.818181818181818,0.2727272727272727,8,7,0,4.0,13.666666666666666,61.733333333333334,2.3333333333333335,3.2666666666666666,0.0,3.6666666666666665,13.266666666666667,68.4,1.0666666666666667,4.133333333333334,0.06666666666666667,5,6,0,4.909090909090909,23.545454545454547,158.45454545454547,2.5454545454545454,4.181818181818182,0.36363636363636365,5.818181818181818,20.363636363636363,129.0,1.3636363636363635,6.2727272727272725,0.09090909090909091,0.6
2016,Bangladesh,1,1,0,2.5,52.5,288.5,10.0,10.0,0.0,4.0,42.0,278.5,7.5,11.5,0.5,7,8,1,4.3125,12.0625,66.3125,1.875,3.8125,0.375,4.625,11.875,58.3125,1.9375,3.9375,0.25,3,6,0,3.5555555555555554,22.0,139.44444444444446,2.7777777777777777,4.777777777777778,0.2222222222222222,5.333333333333333,20.22222222222222,134.88888888888889,1.8888888888888888,6.333333333333333,0.5555555555555556,0.2
2016,Afghanistan,0,0,0,0,0,0,0,0,0,0,0,0,0,0,0,11,4,0,6.6,13.2,73.66666666666667,1.8,3.8666666666666667,0.6666666666666666,5.533333333333333,11.4,72.2,1.8,4.666666666666667,0.13333333333333333,5,5,1,4.0,16.90909090909091,115.0909090909091,2.6363636363636362,5.090909090909091,0.45454545454545453,3.727272727272727,15.818181818181818,110.63636363636364,2.5454545454545454,5.636363636363637,0.09090909090909091,0.4
2016,Zimbabwe,0,4,0,3.0,61.75,239.25,2.5,8.25,0.25,3.0,77.5,389.5,10.0,9.25,0.5,5,7,0,6.0,10.916666666666666,70.91666666666667,1.75,4.0,0.25,5.75,13.25,73.16666666666667,2.3333333333333335,4.5,0.4166666666666667,3,6,2,2.8181818181818183,11.636363636363637,110.18181818181819,1.4545454545454546,3.0,0.0,2.0,13.636363636363637,79.18181818181819,3.4545454545454546,5.0,0.18181818181818182,0.2
